"MAPUNIT,C,68","PROVINCE,C,2","MU_GROUP,C,4","SN_GROUP,C,6"
PEPED103Ab:5-Rp:3-Or:2(dp/C,PE,PE75,1
PEPED103Airport,PE,PE75,1
PEPED103Al/B,PE,PE75,1
PEPED103Al/BC,PE,PE75,1
PEPED103Al/C,PE,PE75,1
PEPED103Al/CB,PE,PE75,1
PEPED103Al/CD,PE,PE75,1
PEPED103Al/D,PE,PE75,1
PEPED103Al/DC,PE,PE75,1
PEPED103Al/DE,PE,PE75,1
PEPED103Al/DF,PE,PE75,1
PEPED103Al/E,PE,PE75,1
PEPED103Al/EC,PE,PE75,1
PEPED103Al/ED,PE,PE75,1
PEPED103Al:4-Ch:4-Cu:1/C,PE,PE75,1
PEPED103Al:4-Ch:4-Go:1/C,PE,PE75,1
PEPED103Al:4-Cr:3-Wn:2(dp/C,PE,PE75,1
PEPED103Al:4-Cr:3/C,PE,PE75,1
PEPED103Al:4-Cu:3-Sc:1/C,PE,PE75,1
PEPED103Al:4-Go:4/CD,PE,PE75,1
PEPED103Al:4-Ki:3-Sp:2/B,PE,PE75,1
PEPED103Al:4-Ma:2-Wn:2(dp/CB,PE,PE75,1
PEPED103Al:5-Ch:2-Ha:2/EC,PE,PE75,1
PEPED103Al:5-Ch:3-Mp:1/B,PE,PE75,1
PEPED103Al:5-Ch:4-Cu:1/C,PE,PE75,1
PEPED103Al:5-Ch:4/C,PE,PE75,1
PEPED103Al:5-Ch:4/CD,PE,PE75,1
PEPED103Al:5-Ch:4/D,PE,PE75,1
PEPED103Al:5-Ch:4/ED,PE,PE75,1
PEPED103Al:5-Cr:4/C,PE,PE75,1
PEPED103Al:5-Cu:3-Ch:1/C,PE,PE75,1
PEPED103Al:5-Cu:3-Ch:1/DC,PE,PE75,1
PEPED103Al:5-Cu:3-Ui:1/CD,PE,PE75,1
PEPED103Al:5-Go:4/C,PE,PE75,1
PEPED103Al:5-Ha:3-Ki:1/BC,PE,PE75,1
PEPED103Al:5-Ma:2-Sc:2/C,PE,PE75,1
PEPED103Al:5-Ma:4/C,PE,PE75,1
PEPED103Al:5-Or:1-Ch:1/C,PE,PE75,1
PEPED103Al:5-Wn:4/B,PE,PE75,1
PEPED103Al:6-Ch:2-Cr:1/CD,PE,PE75,1
PEPED103Al:6-Ch:2/C,PE,PE75,1
PEPED103Al:6-Ch:3/C,PE,PE75,1
PEPED103Al:6-Ch:3/DC,PE,PE75,1
PEPED103Al:6-Ch:3/EF,PE,PE75,1
PEPED103Al:6-Ch:4/CD,PE,PE75,1
PEPED103Al:6-Cr:3/CD,PE,PE75,1
PEPED103Al:6-Cu:2/C,PE,PE75,1
PEPED103Al:6-Cu:3/CD,PE,PE75,1
PEPED103Al:6-Cu:3/DE,PE,PE75,1
PEPED103Al:6-Cu:3/E,PE,PE75,1
PEPED103Al:6-Cu:4/CD,PE,PE75,1
PEPED103Al:6-Go:2/C,PE,PE75,1
PEPED103Al:6-Ki:2/BC,PE,PE75,1
PEPED103Al:6-Ma:2-Wn:1/C,PE,PE75,1
PEPED103Al:6-Ma:2/C,PE,PE75,1
PEPED103Al:6-Sc:3/C,PE,PE75,1
PEPED103Al:6-Ti:4/CD,PE,PE75,1
PEPED103Al:6-Wn:2/C,PE,PE75,1
PEPED103Al:6-Wn:3/CB,PE,PE75,1
PEPED103Al:7-Ch:1-Cu:1/C,PE,PE75,1
PEPED103Al:7-Ch:2-Cu:1/CD,PE,PE75,1
PEPED103Al:7-Ch:2/C,PE,PE75,1
PEPED103Al:7-Ch:2/CD,PE,PE75,1
PEPED103Al:7-Ch:2/ED,PE,PE75,1
PEPED103Al:7-Ch:3/C,PE,PE75,1
PEPED103Al:7-Ch:3/CD,PE,PE75,1
PEPED103Al:7-Cr:1/C,PE,PE75,1
PEPED103Al:7-Cu:1-Ch:1/ED,PE,PE75,1
PEPED103Al:7-Cu:2/C,PE,PE75,1
PEPED103Al:7-Cu:2/CD,PE,PE75,1
PEPED103Al:7-Cu:2/DC,PE,PE75,1
PEPED103Al:7-Cu:3/CD,PE,PE75,1
PEPED103Al:7-Go:2/C,PE,PE75,1
PEPED103Al:7-Go:3/C,PE,PE75,1
PEPED103Al:7-Ma:1/DC,PE,PE75,1
PEPED103Al:8-Ch:1/BC,PE,PE75,1
PEPED103Al:8-Ch:1/C,PE,PE75,1
PEPED103Al:8-Ch:1/DE,PE,PE75,1
PEPED103Al:8-Ch:1/ED,PE,PE75,1
PEPED103Al:8-Ch:1/EF,PE,PE75,1
PEPED103Al:8-Ch:1/FE,PE,PE75,1
PEPED103Al:8-Ch:2/BC,PE,PE75,1
PEPED103Al:8-Ch:2/C,PE,PE75,1
PEPED103Al:8-Cr:1/C,PE,PE75,1
PEPED103Al:8-Cr:1/CD,PE,PE75,1
PEPED103Al:8-Cu:1/C,PE,PE75,1
PEPED103Al:8-Cu:1/CD,PE,PE75,1
PEPED103Al:8-Cu:1/DC,PE,PE75,1
PEPED103Al:8-Cu:1/ED,PE,PE75,1
PEPED103Al:8-Cu:2/C,PE,PE75,1
PEPED103Al:8-Cu:2/CD,PE,PE75,1
PEPED103Al:8-Cu:2/E,PE,PE75,1
PEPED103Al:8-Go:1/C,PE,PE75,1
PEPED103Al:8-Go:1/CD,PE,PE75,1
PEPED103Al:8-Sc:1/C,PE,PE75,1
PEPED103Al:8-Wn:1/C,PE,PE75,1
PEPED103Al:9-Rp:1/DB,PE,PE75,1
PEPED103Ald/C,PE,PE75,1
PEPED103Ald/CD,PE,PE75,1
PEPED103Ald/D,PE,PE75,1
PEPED103Ald/DC,PE,PE75,1
PEPED103Ald/EC,PE,PE75,1
PEPED103Ald/ED,PE,PE75,1
PEPED103Ald/EF,PE,PE75,1
PEPED103Ald/F,PE,PE75,1
PEPED103Ald/FE,PE,PE75,1
PEPED103Ald:6-Chd:3/E,PE,PE75,1
PEPED103Ald:7-Chd:2/ED,PE,PE75,1
PEPED103Ald:7-Chd:3/CD,PE,PE75,1
PEPED103Ald:7-Chd:3/DC,PE,PE75,1
PEPED103Ald:8-Chd:1/CD,PE,PE75,1
PEPED103Ald:8-Chd:1/FD,PE,PE75,1
PEPED103Ald:8-Chd:2/DC,PE,PE75,1
PEPED103Ar(dp/B,PE,PE75,1
PEPED103Ar:5-Pi:4(dp/B,PE,PE75,1
PEPED103Ar:6-Po:3(dp/B,PE,PE75,1
PEPED103Ar:6-Po:4(dp/B,PE,PE75,1
PEPED103Ar:7-Ve:3(dp/B,PE,PE75,1
PEPED103Ar:8-Wn:1(dp/B,PE,PE75,1
PEPED103Bp(dp/B,PE,PE75,1
PEPED103Bp:4-Ki:2-Wp:2(dp/B,PE,PE75,1
PEPED103Bp:5-Lr:4(dp/B,PE,PE75,1
PEPED103Bp:5-Sp:1-Wp:1(dp/C,PE,PE75,1
PEPED103Bp:5-Wp:1-Sp:1(dp/B,PE,PE75,1
PEPED103Bp:5-Wp:3-Du:1(dp/B,PE,PE75,1
PEPED103Bp:5-Wp:4(dp/B,PE,PE75,1
PEPED103Bp:6-Cp:1-Lr:1(dp/B,PE,PE75,1
PEPED103Bp:6-Lr:3(dp/B,PE,PE75,1
PEPED103Bp:6-Mg:2(dp/B,PE,PE75,1
PEPED103Bp:6-Mp:3(dp/B,PE,PE75,1
PEPED103Bp:6-Mr:3(dp/B,PE,PE75,1
PEPED103Bp:6-Rp:4(dp/B,PE,PE75,1
PEPED103Bp:6-Sp:3(dp/B,PE,PE75,1
PEPED103Bp:7-Mg:2(dp/B,PE,PE75,1
PEPED103Bp:7-Mp:1-Wp:1(dp/B,PE,PE75,1
PEPED103Bp:7-Mp:2(dp/B,PE,PE75,1
PEPED103Bp:7-Rp:2(dp/B,PE,PE75,1
PEPED103Bp:7-Wp:1(dp/B,PE,PE75,1
PEPED103Bp:8-Wp:2(dp/B,PE,PE75,1
PEPED103Br:7-Wn:1(dp/B,PE,PE75,1
PEPED103Ca(dp/B,PE,PE75,1
PEPED103Ca:5-En:4(dp/B,PE,PE75,1
PEPED103Cb,PE,PE75,1
PEPED103Cb:5-Ds:5,PE,PE75,1
PEPED103Cb:5-Ds:5/C,PE,PE75,1
PEPED103Cb:5-Sm:5,PE,PE75,1
PEPED103Cb:6-Ds:4,PE,PE75,1
PEPED103Cb:6-Ds:4/CD,PE,PE75,1
PEPED103Ch/B,PE,PE75,1
PEPED103Ch/BC,PE,PE75,1
PEPED103Ch/C,PE,PE75,1
PEPED103Ch/CB,PE,PE75,1
PEPED103Ch/CD,PE,PE75,1
PEPED103Ch/D,PE,PE75,1
PEPED103Ch/DC,PE,PE75,1
PEPED103Ch/DE,PE,PE75,1
PEPED103Ch/DF,PE,PE75,1
PEPED103Ch/E,PE,PE75,1
PEPED103Ch/ED,PE,PE75,1
PEPED103Ch/EF,PE,PE75,1
PEPED103Ch/F,PE,PE75,1
PEPED103Ch/FD,PE,PE75,1
PEPED103Ch/FE,PE,PE75,1
PEPED103Ch:3-Sp:3-Ha:2/CB,PE,PE75,1
PEPED103Ch:4-Bp:3-Rp:1(dp/CB,PE,PE75,1
PEPED103Ch:4-Cu:2-Go:2/C,PE,PE75,1
PEPED103Ch:4-Du:2-Ol:2/BC,PE,PE75,1
PEPED103Ch:4-Du:3/DB,PE,PE75,1
PEPED103Ch:4-Ha:2-Du:2/BC,PE,PE75,1
PEPED103Ch:4-Ma:2-Br:1/CD,PE,PE75,1
PEPED103Ch:4-Ma:2-Wn:1/DB,PE,PE75,1
PEPED103Ch:4-Mp:4-Sp:1(dp/BC,PE,PE75,1
PEPED103Ch:4-Or:4-Wn:1(dp/CB,PE,PE75,1
PEPED103Ch:4-Sc:3/FB,PE,PE75,1
PEPED103Ch:4-Sp:3-Mp:2(dp/BC,PE,PE75,1
PEPED103Ch:4-Ti:3/C,PE,PE75,1
PEPED103Ch:5-Al:2-Sc:1/DB,PE,PE75,1
PEPED103Ch:5-Al:3/CB,PE,PE75,1
PEPED103Ch:5-Al:4-Sp:1/CB,PE,PE75,1
PEPED103Ch:5-Al:4/C,PE,PE75,1
PEPED103Ch:5-Al:4/CD,PE,PE75,1
PEPED103Ch:5-Al:4/ED,PE,PE75,1
PEPED103Ch:5-Al:5/C,PE,PE75,1
PEPED103Ch:5-Al:5/CD,PE,PE75,1
PEPED103Ch:5-Hab:2-Sp:1/CB,PE,PE75,1
PEPED103Ch:5-Ki:3/C,PE,PE75,1
PEPED103Ch:5-Ma:4/B,PE,PE75,1
PEPED103Ch:5-Ma:4/C,PE,PE75,1
PEPED103Ch:5-Ol:2-Du:2/DC,PE,PE75,1
PEPED103Ch:5-Ol:3-Du:1/DC,PE,PE75,1
PEPED103Ch:5-Ol:3/B,PE,PE75,1
PEPED103Ch:5-Ol:4-Ha:1/CB,PE,PE75,1
PEPED103Ch:5-Ol:4/B,PE,PE75,1
PEPED103Ch:5-Sp:3/C,PE,PE75,1
PEPED103Ch:5-Sp:4/B,PE,PE75,1
PEPED103Ch:5-Ti:2-Ol:1/CB,PE,PE75,1
PEPED103Ch:5-Ti:2/C,PE,PE75,1
PEPED103Ch:5-Ti:3-Ol:1/CD,PE,PE75,1
PEPED103Ch:6-Al:2-Du:1/CB,PE,PE75,1
PEPED103Ch:6-Al:2/BC,PE,PE75,1
PEPED103Ch:6-Al:3/BC,PE,PE75,1
PEPED103Ch:6-Al:3/C,PE,PE75,1
PEPED103Ch:6-Al:3/CD,PE,PE75,1
PEPED103Ch:6-Al:3/DC,PE,PE75,1
PEPED103Ch:6-Al:3/DF,PE,PE75,1
PEPED103Ch:6-Al:3/ED,PE,PE75,1
PEPED103Ch:6-Al:3/EF,PE,PE75,1
PEPED103Ch:6-Al:4/C,PE,PE75,1
PEPED103Ch:6-Cu:2-Al:2/C,PE,PE75,1
PEPED103Ch:6-Go:2-Sc:1/DC,PE,PE75,1
PEPED103Ch:6-Go:3/CD,PE,PE75,1
PEPED103Ch:6-Ma:1-Sc:1/DC,PE,PE75,1
PEPED103Ch:6-Ma:1-Wn:1/C,PE,PE75,1
PEPED103Ch:6-Ma:2-Al:1/DC,PE,PE75,1
PEPED103Ch:6-Ma:2/C,PE,PE75,1
PEPED103Ch:6-Ma:2/CB,PE,PE75,1
PEPED103Ch:6-Ma:3/CD,PE,PE75,1
PEPED103Ch:6-Ma:3/CE,PE,PE75,1
PEPED103Ch:6-Ma:3/DC,PE,PE75,1
PEPED103Ch:6-Ol:2/B,PE,PE75,1
PEPED103Ch:6-Ol:3/B,PE,PE75,1
PEPED103Ch:6-Sc:2/DB,PE,PE75,1
PEPED103Ch:6-Sp:3/B,PE,PE75,1
PEPED103Ch:6-Ti:3/C,PE,PE75,1
PEPED103Ch:6-Ti:3/CD,PE,PE75,1
PEPED103Ch:6-Ti:4/C,PE,PE75,1
PEPED103Ch:6-Ti:4/EC,PE,PE75,1
PEPED103Ch:7-Al:2/BD,PE,PE75,1
PEPED103Ch:7-Al:2/C,PE,PE75,1
PEPED103Ch:7-Al:2/CB,PE,PE75,1
PEPED103Ch:7-Al:2/CD,PE,PE75,1
PEPED103Ch:7-Al:2/DC,PE,PE75,1
PEPED103Ch:7-Al:2/ED,PE,PE75,1
PEPED103Ch:7-Al:2/F,PE,PE75,1
PEPED103Ch:7-Em:2/C,PE,PE75,1
PEPED103Ch:7-Go:2/CD,PE,PE75,1
PEPED103Ch:7-Ha:1/CD,PE,PE75,1
PEPED103Ch:7-Ha:2/C,PE,PE75,1
PEPED103Ch:7-Ma:1/CB,PE,PE75,1
PEPED103Ch:7-Ma:2/B,PE,PE75,1
PEPED103Ch:7-Ma:2/C,PE,PE75,1
PEPED103Ch:7-Ma:2/CB,PE,PE75,1
PEPED103Ch:7-Ma:2/D,PE,PE75,1
PEPED103Ch:7-Ma:3/C,PE,PE75,1
PEPED103Ch:7-Mg:2/C,PE,PE75,1
PEPED103Ch:7-Ti:1/C,PE,PE75,1
PEPED103Ch:7-Ti:1/DE,PE,PE75,1
PEPED103Ch:7-Ti:2-Ol:1/B,PE,PE75,1
PEPED103Ch:7-Ti:2/C,PE,PE75,1
PEPED103Ch:7-Ti:2/CD,PE,PE75,1
PEPED103Ch:7-Wn:2/DC,PE,PE75,1
PEPED103Ch:8-Al:1-Ab:1/BC,PE,PE75,1
PEPED103Ch:8-Al:1-Sc:1/FD,PE,PE75,1
PEPED103Ch:8-Al:1/B,PE,PE75,1
PEPED103Ch:8-Al:1/BC,PE,PE75,1
PEPED103Ch:8-Al:1/C,PE,PE75,1
PEPED103Ch:8-Al:1/CD,PE,PE75,1
PEPED103Ch:8-Al:1/DC,PE,PE75,1
PEPED103Ch:8-Al:1/DE,PE,PE75,1
PEPED103Ch:8-Al:1/ED,PE,PE75,1
PEPED103Ch:8-Al:1/FD,PE,PE75,1
PEPED103Ch:8-Al:1/FE,PE,PE75,1
PEPED103Ch:8-Al:2/C,PE,PE75,1
PEPED103Ch:8-Ald:2/CD,PE,PE75,1
PEPED103Ch:8-Cu:1/DC,PE,PE75,1
PEPED103Ch:8-Go:1/BC,PE,PE75,1
PEPED103Ch:8-Go:1/C,PE,PE75,1
PEPED103Ch:8-Go:1/CD,PE,PE75,1
PEPED103Ch:8-Go:1/DC,PE,PE75,1
PEPED103Ch:8-Go:2/C,PE,PE75,1
PEPED103Ch:8-Ma:1-Wn:1/C,PE,PE75,1
PEPED103Ch:8-Ma:1/B,PE,PE75,1
PEPED103Ch:8-Ma:1/C,PE,PE75,1
PEPED103Ch:8-Ma:1/CB,PE,PE75,1
PEPED103Ch:8-Ma:1/CD,PE,PE75,1
PEPED103Ch:8-Ma:1/DC,PE,PE75,1
PEPED103Ch:8-Ma:2/C,PE,PE75,1
PEPED103Ch:8-Ma:2/DC,PE,PE75,1
PEPED103Ch:8-Mp:1/D,PE,PE75,1
PEPED103Ch:8-Ol:1/B,PE,PE75,1
PEPED103Ch:8-Sc:1/EC,PE,PE75,1
PEPED103Ch:8-Ti:1/B,PE,PE75,1
PEPED103Ch:8-Ti:1/C,PE,PE75,1
PEPED103Ch:8-Ti:1/CB,PE,PE75,1
PEPED103Ch:8-Ti:1/DC,PE,PE75,1
PEPED103Ch:8-Ti:2/C,PE,PE75,1
PEPED103Ch:8-Wn:1/CB,PE,PE75,1
PEPED103Ch:9-Ma:1/CB,PE,PE75,1
PEPED103Ch:9-Mp:1/CB,PE,PE75,1
PEPED103Ch:9-Ol:1/C,PE,PE75,1
PEPED103Ch:9-Ti:1/C,PE,PE75,1
PEPED103Chd/C,PE,PE75,1
PEPED103Chd/CD,PE,PE75,1
PEPED103Chd/CE,PE,PE75,1
PEPED103Chd/D,PE,PE75,1
PEPED103Chd/DC,PE,PE75,1
PEPED103Chd/DE,PE,PE75,1
PEPED103Chd/DF,PE,PE75,1
PEPED103Chd/E,PE,PE75,1
PEPED103Chd/ED,PE,PE75,1
PEPED103Chd/EF,PE,PE75,1
PEPED103Chd/FE,PE,PE75,1
PEPED103Chd:4-Ald:4/C,PE,PE75,1
PEPED103Chd:5-Ald:4/ED,PE,PE75,1
PEPED103Chd:5-Ald:4/FE,PE,PE75,1
PEPED103Chd:5-Ald:5/C,PE,PE75,1
PEPED103Chd:6-Ald:2/FD,PE,PE75,1
PEPED103Chd:6-Ald:3/DC,PE,PE75,1
PEPED103Chd:6-Ald:3/E,PE,PE75,1
PEPED103Chd:6-Ald:3/ED,PE,PE75,1
PEPED103Chd:6-Ald:3/EF,PE,PE75,1
PEPED103Chd:6-Ald:3/F,PE,PE75,1
PEPED103Chd:6-Em:3/C,PE,PE75,1
PEPED103Chd:6-Ol:3/DC,PE,PE75,1
PEPED103Chd:6-Ti:1/C,PE,PE75,1
PEPED103Chd:6-Ti:1/CD,PE,PE75,1
PEPED103Chd:7-Ald:2/DC,PE,PE75,1
PEPED103Chd:7-Ald:2/ED,PE,PE75,1
PEPED103Chd:7-Ald:2/EF,PE,PE75,1
PEPED103Chd:7-Ald:3/DC,PE,PE75,1
PEPED103Chd:7-Ti:1-Ma:1/CD,PE,PE75,1
PEPED103Chd:7-Ti:2/C,PE,PE75,1
PEPED103Chd:7-Ti:3/C,PE,PE75,1
PEPED103Chd:8-Ald:1/D,PE,PE75,1
PEPED103Chd:8-Ald:1/DC,PE,PE75,1
PEPED103Chd:8-Ald:2/FD,PE,PE75,1
PEPED103Chd:8-Ti:1/C,PE,PE75,1
PEPED103Chd:8-Wn:1/C,PE,PE75,1
PEPED103Cp:3-Rp:3-Ki:2(dp/B,PE,PE75,1
PEPED103Cp:5-Ki:2(dp/B,PE,PE75,1
PEPED103Cr(dp/C,PE,PE75,1
PEPED103Cr:3-Ui:2-Wn:2(dp/BC,PE,PE75,1
PEPED103Cr:4-Sm:3(dp/CB,PE,PE75,1
PEPED103Cr:4-Sm:3-Rp:3(dp/CB,PE,PE75,1
PEPED103Cr:4-Wn:3(dp/C,PE,PE75,1
PEPED103Cr:4-Wn:4-Al:1(dp/BC,PE,PE75,1
PEPED103Cr:5-Ui:3(dp/C,PE,PE75,1
PEPED103Cr:5-Ui:4(dp/C,PE,PE75,1
PEPED103Cr:5-Ui:4/C,PE,PE75,1
PEPED103Cr:6-Wn:2-Sc:1(dp/C,PE,PE75,1
PEPED103Cr:6-Wn:3(dp/C,PE,PE75,1
PEPED103Cr:8-Al:1(dp/B,PE,PE75,1
PEPED103Cr:8-Al:1(dp/C,PE,PE75,1
PEPED103Cu/C,PE,PE75,1
PEPED103Cu/CD,PE,PE75,1
PEPED103Cu/CE,PE,PE75,1
PEPED103Cu/D,PE,PE75,1
PEPED103Cu/DC,PE,PE75,1
PEPED103Cu/EC,PE,PE75,1
PEPED103Cu/ED,PE,PE75,1
PEPED103Cu:3-Al:2-Cr:2/C,PE,PE75,1
PEPED103Cu:3-Wn:2-Or:2(dp/CB,PE,PE75,1
PEPED103Cu:4-Al:2-Or:2/C,PE,PE75,1
PEPED103Cu:4-Al:3-Rp:1/DB,PE,PE75,1
PEPED103Cu:4-Al:4-Rp:2/C,PE,PE75,1
PEPED103Cu:4-Al:4/C,PE,PE75,1
PEPED103Cu:4-Or:4-Ui:1(dp/CB,PE,PE75,1
PEPED103Cu:4-Ui:3-Sc:2(dp/CD,1E,PE75,1
PEPED103Cu:5-Al:4/C,PE,PE75,1
PEPED103Cu:5-Al:4/EC,PE,PE75,1
PEPED103Cu:5-Ne:1-Sm:1/C,PE,PE75,1
PEPED103Cu:5-Or:2-Go:1/C,PE,PE75,1
PEPED103Cu:5-Or:2-Ui:1(dp/C,PE,PE75,1
PEPED103Cu:5-Or:2-Ui:1/C,PE,PE75,1
PEPED103Cu:5-Or:3-Ui:2(dp/C,PE,PE75,1
PEPED103Cu:5-Sc:1/C,PE,PE75,1
PEPED103Cu:5-Ui:1-Or:1/C,PE,PE75,1
PEPED103Cu:5-Wn:2-Ui:1/CB,PE,PE75,1
PEPED103Cu:5-Wn:4/C,PE,PE75,1
PEPED103Cu:6-Al:2/DC,PE,PE75,1
PEPED103Cu:6-Al:3/ED,PE,PE75,1
PEPED103Cu:6-Ch:3/C,PE,PE75,1
PEPED103Cu:6-Df:2/DC,PE,PE75,1
PEPED103Cu:6-Go:1/C,PE,PE75,1
PEPED103Cu:6-Go:2-Rp:1/C,PE,PE75,1
PEPED103Cu:6-Go:3/CD,PE,PE75,1
PEPED103Cu:6-Or:2/C,PE,PE75,1
PEPED103Cu:6-Or:3/C,PE,PE75,1
PEPED103Cu:6-Ui:1/CD,PE,PE75,1
PEPED103Cu:7-Al:2/ED,PE,PE75,1
PEPED103Cu:7-Br:1(dp/CD,PE,PE75,1
PEPED103Cu:7-Df:2/CD,PE,PE75,1
PEPED103Cu:7-Go:1/CD,PE,PE75,1
PEPED103Cu:7-Go:2/C,PE,PE75,1
PEPED103Cu:7-Rp:1/DB,PE,PE75,1
PEPED103Cu:7-Sc:1-Ui:1/C,PE,PE75,1
PEPED103Cu:7-Sc:1/C,PE,PE75,1
PEPED103Cu:7-Ui:1,PE,PE75,1
PEPED103Cu:7-Ui:1-Sc:1/C,PE,PE75,1
PEPED103Cu:7-Ui:1/CB,PE,PE75,1
PEPED103Cu:7-Ui:2/EC,PE,PE75,1
PEPED103Cu:8-Al:1-Pb:1/ED,PE,PE75,1
PEPED103Cu:8-Al:1/C,PE,PE75,1
PEPED103Cu:8-Al:1/ED,PE,PE75,1
PEPED103Cu:8-Al:2/CD,PE,PE75,1
PEPED103Cu:8-Go:1/C,PE,PE75,1
PEPED103Cu:8-Or:1/CD,PE,PE75,1
PEPED103Cu:8-Sc:1/C,PE,PE75,1
PEPED103Cu:8-Sc:1/CD,PE,PE75,1
PEPED103Cu:8-Sc:1/CE,PE,PE75,1
PEPED103Cu:8-Sc:1/DC,PE,PE75,1
PEPED103Cu:8-Sc:1/EC,PE,PE75,1
PEPED103Cu:8-Sm:1/C,PE,PE75,1
PEPED103Cu:8-Ui:1/C,PE,PE75,1
PEPED103Cu:8-Ui:1/CD,PE,PE75,1
PEPED103Cu:8-Ui:1/DE,PE,PE75,1
PEPED103Cud/C,PE,PE75,1
PEPED103Cud/CD,PE,PE75,1
PEPED103Cud/EC,PE,PE75,1
PEPED103Cud/ED,PE,PE75,1
PEPED103Cud:8-Ald:2/CD,PE,PE75,1
PEPED103Db:3-Ki:2-Ha:1/BD,PE,PE75,1
PEPED103Db:4-Du:4-Ol:2/BC,PE,PE75,1
PEPED103Db:4-Ki:4(dp/C,PE,PE75,1
PEPED103Db:4-Wp:4-Rp:1(dp/CB,PE,PE75,1
PEPED103Db:5-Wp:4/CB,PE,PE75,1
PEPED103Df/E,PE,PE75,1
PEPED103Df:4-Sm:4/EB,PE,PE75,1
PEPED103Df:5-Cu:3/CD,PE,PE75,1
PEPED103Df:5-Cu:4-Sc:1(dp/CE,PE,PE75,1
PEPED103Df:5-Cu:4/C,PE,PE75,1
PEPED103Df:5-Cu:4/DC,PE,PE75,1
PEPED103Df:6-Cu:4/C,PE,PE75,1
PEPED103Ds,PE,PE75,1
PEPED103Ds:4-Cb:3-Sm:2,PE,PE75,1
PEPED103Ds:5-Cb:4,PE,PE75,1
PEPED103Ds:5-Cb:4/C,PE,PE75,1
PEPED103Ds:5-Cb:5,PE,PE75,1
PEPED103Ds:5-Rp:4/B,PE,PE75,1
PEPED103Ds:5-Rp:4/DB,PE,PE75,1
PEPED103Ds:6-Cb:4,PE,PE75,1
PEPED103Ds:7-Cb:3,PE,PE75,1
PEPED103Ds:7-Sm:2,PE,PE75,1
PEPED103Ds:8-Cb:2,PE,PE75,1
PEPED103Ds:9-Sm:1,PE,PE75,1
PEPED103Du(dp/B,PE,PE75,1
PEPED103Du:4-Ch:2-Sm:1(dp/C,PE,PE75,1
PEPED103Du:4-Lr:3-Ol:2(dp/BC,PE,PE75,1
PEPED103Du:4-Mg:2-Ol:2(dp/B,PE,PE75,1
PEPED103Du:4-Mg:4(dp/B,PE,PE75,1
PEPED103Du:4-Ol:3(dp/B,PE,PE75,1
PEPED103Du:4-Ol:4(dp/C,PE,PE75,1
PEPED103Du:5-Ch:4(dp/BC,PE,PE75,1
PEPED103Du:5-Mg:3(dp/B,PE,PE75,1
PEPED103Du:5-Ol:2(dp/BC,PE,PE75,1
PEPED103Du:5-Ol:4(dp/B,PE,PE75,1
PEPED103Du:5-Ol:4-Ch:1(dp/BC,PE,PE75,1
PEPED103Du:5-Ol:5(dp/B,PE,PE75,1
PEPED103Du:5-Ol:5(dp/C,PE,PE75,1
PEPED103Du:6-Mg:3(dp/B,PE,PE75,1
PEPED103Du:7-Mg:3(dp/B,PE,PE75,1
PEPED103Du:7-Ol:2(dp/B,PE,PE75,1
PEPED103Du:7-Ol:2(dp/BC,PE,PE75,1
PEPED103Du:8-Mg:2(dp/C,PE,PE75,1
PEPED103Du:9-Ol:1(dp/B,PE,PE75,1
PEPED103Eg(dp/B,PE,PE75,1
PEPED103Eg:3-Ol:2-Sm:2(dp/CB,PE,PE75,1
PEPED103Eg:4-Wf:4-Sm:1(dp/CB,PE,PE75,1
PEPED103Eg:5-Du:3(dp/B,PE,PE75,1
PEPED103Eg:6-Du:2(dp/B,PE,PE75,1
PEPED103Em/F,PE,PE75,1
PEPED103En:6-Po:2(dp/B,PE,PE75,1
PEPED103Fp/C,PE,PE75,1
PEPED103Fp:4-Ha:3-Sp:2/CB,PE,PE75,1
PEPED103Fp:4-Wp:2-Eg:2(dp/CB,PE,PE75,1
PEPED103Fr:5-Sm:5(dp/B,PE,PE75,1
PEPED103Fr:8-Or:1(dp/B,PE,PE75,1
PEPED103Go/C,PE,PE75,1
PEPED103Go/D,PE,PE75,1
PEPED103Go:4-Ch:2-Al:1/C,PE,PE75,1
PEPED103Go:4-Hab:1-Or:1/C,PE,PE75,1
PEPED103Go:5-Cu:4/C,PE,PE75,1
PEPED103Go:5-Ds:3/DB,PE,PE75,1
PEPED103Go:5-Ha:4/B,PE,PE75,1
PEPED103Go:6-Al:3/CD,PE,PE75,1
PEPED103Go:6-Ch:2/C,PE,PE75,1
PEPED103Go:6-Cu:2/C,PE,PE75,1
PEPED103Go:7-Ch:2/C,PE,PE75,1
PEPED103Go:8-Ch:1/C,PE,PE75,1
PEPED103Ha/B,PE,PE75,1
PEPED103Ha/C,PE,PE75,1
PEPED103Ha/CB,PE,PE75,1
PEPED103Ha/CD,PE,PE75,1
PEPED103Ha/DE,PE,PE75,1
PEPED103Ha:3-Cu:2-Rp:2/CB,PE,PE75,1
PEPED103Ha:3-Mp:3-Sc:2(dp/BC,PE,PE75,1
PEPED103Ha:3-Wp:3-Sp:2(dp/CB,PE,PE75,1
PEPED103Ha:4-Cp:4/C,PE,PE75,1
PEPED103Ha:4-Hab:3-Mp:2/BC,PE,PE75,1
PEPED103Ha:4-Ki:3-Wp:1/BC,PE,PE75,1
PEPED103Ha:4-Ki:4-Db:1/B,PE,PE75,1
PEPED103Ha:4-Rp:3-Sc:1/CB,PE,PE75,1
PEPED103Ha:4-Wn:4(dp/CB,PE,PE75,1
PEPED103Ha:5-Ch:4/C,PE,PE75,1
PEPED103Ha:5-Cp:2-Wp:1/CB,PE,PE75,1
PEPED103Ha:5-Db:2-Sp:1/CB,PE,PE75,1
PEPED103Ha:5-Ki:4/CD,PE,PE75,1
PEPED103Ha:5-Ol:4/CD,PE,PE75,1
PEPED103Ha:5-Sp:3-Wp:1/B,PE,PE75,1
PEPED103Ha:5-Wp:1-Sp:1/CB,PE,PE75,1
PEPED103Ha:6-Ch:2/C,PE,PE75,1
PEPED103Ha:6-Ki:2/B,PE,PE75,1
PEPED103Ha:6-Ki:3/B,PE,PE75,1
PEPED103Ha:6-Ki:4/BC,PE,PE75,1
PEPED103Ha:6-Sp:2/BC,PE,PE75,1
PEPED103Ha:6-Sp:2/CB,PE,PE75,1
PEPED103Ha:6-Wp:1-Cp:1/CB,PE,PE75,1
PEPED103Ha:6-Wp:3/CB,PE,PE75,1
PEPED103Ha:7-Ch:3/C,PE,PE75,1
PEPED103Ha:7-Ki:1-Sp:1/DB,PE,PE75,1
PEPED103Ha:7-Sc:1/CD,PE,PE75,1
PEPED103Ha:7-Sp:1-Wp:1/B,PE,PE75,1
PEPED103Ha:7-Sp:2-Ki:1/CD,PE,PE75,1
PEPED103Ha:7-Wp:2/BD,PE,PE75,1
PEPED103Ha:7-Wp:2/CB,PE,PE75,1
PEPED103Ha:8-Ki:2/BC,PE,PE75,1
PEPED103Ha:8-Sp:1-Sc:1/B,PE,PE75,1
PEPED103Ha:8-Sp:1/B,PE,PE75,1
PEPED103Ha:8-Sp:2/B,PE,PE75,1
PEPED103Ha:9-Sp:1/C,PE,PE75,1
PEPED103He:3-Ne:3-Df:1/C,PE,PE75,1
PEPED103Ki/B,PE,PE75,1
PEPED103Ki/C,PE,PE75,1
PEPED103Ki/CD,PE,PE75,1
PEPED103Ki:4-Cu:2-Wi:2/C,PE,PE75,1
PEPED103Ki:4-Ha:3-Al:1/BC,PE,PE75,1
PEPED103Ki:4-Ha:3-Rp:2/CB,PE,PE75,1
PEPED103Ki:4-Lr:3-Sc:1/B,PE,PE75,1
PEPED103Ki:5-Al:2-Pb:1/DC,PE,PE75,1
PEPED103Ki:5-Al:4/C,PE,PE75,1
PEPED103Ki:5-Cp:3-Bp:1/B,PE,PE75,1
PEPED103Ki:5-Cp:4/BD,PE,PE75,1
PEPED103Ki:5-Df:5/C,PE,PE75,1
PEPED103Ki:5-Ha:4-Al:1/BC,PE,PE75,1
PEPED103Ki:5-Ha:4/BC,PE,PE75,1
PEPED103Ki:5-Mp:3-Cp:1/CB,PE,PE75,1
PEPED103Ki:5-Rp:2-Sm:1/BC,PE,PE75,1
PEPED103Ki:5-Rp:2/B,PE,PE75,1
PEPED103Ki:5-Rp:3/BC,PE,PE75,1
PEPED103Ki:5-Sp:2-Mp:1/B,PE,PE75,1
PEPED103Ki:5-Sp:4/BC,PE,PE75,1
PEPED103Ki:5-Wp:3/B,PE,PE75,1
PEPED103Ki:6-Al:1-Sp:1/CB,PE,PE75,1
PEPED103Ki:6-Al:3/BC,PE,PE75,1
PEPED103Ki:6-Ch:1-Mp:1/B,PE,PE75,1
PEPED103Ki:6-Cp:2-Rp:1/BC,PE,PE75,1
PEPED103Ki:6-Cp:3/B,PE,PE75,1
PEPED103Ki:6-Ha:2-Rp:2/C,PE,PE75,1
PEPED103Ki:6-Ha:4/CB,PE,PE75,1
PEPED103Ki:6-Mp:2/C,PE,PE75,1
PEPED103Ki:6-Rp:2/C,PE,PE75,1
PEPED103Ki:6-Sc:4/ED,PE,PE75,1
PEPED103Ki:7-Cp:2/B,PE,PE75,1
PEPED103Ki:7-Cp:2/BD,PE,PE75,1
PEPED103Ki:7-Ha:1-Cu:1/BC,PE,PE75,1
PEPED103Ki:7-Rp:1/B,PE,PE75,1
PEPED103Ki:7-Rp:2/B,PE,PE75,1
PEPED103Ki:8-Cp:2/B,PE,PE75,1
PEPED103Ki:8-Ha:1/CB,PE,PE75,1
PEPED103Ki:8-Rp:2/B,PE,PE75,1
PEPED103Ki:9-Cp:1/CB,PE,PE75,1
PEPED103Ki:9-Ha:1/BC,PE,PE75,1
PEPED103Lr(dp/B,PE,PE75,1
PEPED103Lr(dp/C,PE,PE75,1
PEPED103Lr:3-Mr:2-Wp:2(dp/B,PE,PE75,1
PEPED103Lr:5-Mp:4(dp/B,PE,PE75,1
PEPED103Lr:5-Mr:2-Wp:1(dp/B,PE,PE75,1
PEPED103Lr:5-Rp:4(dp/B,PE,PE75,1
PEPED103Lr:5-Wp:2-Mr:1(dp/B,PE,PE75,1
PEPED103Lr:6-Bp:3(dp/B,PE,PE75,1
PEPED103Lr:6-Bp:4(dp/B,PE,PE75,1
PEPED103Lr:6-Rp:3(dp/B,PE,PE75,1
PEPED103Lr:7-Du:2(dp/B,PE,PE75,1
PEPED103Lr:7-Ha:2(dp/B,PE,PE75,1
PEPED103Lr:7-Mp:2(dp/B,PE,PE75,1
PEPED103Ma(dp/B,PE,PE75,1
PEPED103Ma(dp/C,PE,PE75,1
PEPED103Ma(dp/CD,PE,PE75,1
PEPED103Ma:3-Ch:2-Wn:2(dp/CB,PE,PE75,1
PEPED103Ma:3-Wn:2-Mg:2(dp/C,PE,PE75,1
PEPED103Ma:3-Wn:3-Sm:1(dp/BC,PE,PE75,1
PEPED103Ma:4-Mg:2(dp/C,PE,PE75,1
PEPED103Ma:4-Sm:4(dp/B,PE,PE75,1
PEPED103Ma:4-Wn:2-Sc:1(dp/CB,PE,PE75,1
PEPED103Ma:4-Wn:3-Ch:2(dp/C,PE,PE75,1
PEPED103Ma:4-Wn:3-Ch:3(dp/C,PE,PE75,1
PEPED103Ma:4-Wn:3-Cr:2(dp/C,PE,PE75,1
PEPED103Ma:4-Wn:3-Cu:1(dp/C,PE,PE75,1
PEPED103Ma:4-Wn:3-Sc:1(dp/C,PE,PE75,1
PEPED103Ma:4-Wn:4(dp/C,PE,PE75,1
PEPED103Ma:4-Wn:4-Sm:2(dp/B,PE,PE75,1
PEPED103Ma:5-Al:4(dp/C,PE,PE75,1
PEPED103Ma:5-Ch:3-Wn:1(dp/C,PE,PE75,1
PEPED103Ma:5-Ch:3-Wn:1(dp/CB,PE,PE75,1
PEPED103Ma:5-Cr:4(dp/C,PE,PE75,1
PEPED103Ma:5-Sc:2(dp/B,PE,PE75,1
PEPED103Ma:5-Sc:2-Cr:1(dp/C,PE,PE75,1
PEPED103Ma:5-Wn:2(dp/C,PE,PE75,1
PEPED103Ma:5-Wn:2-Ch:1(dp/C,PE,PE75,1
PEPED103Ma:5-Wn:2-Ch:1(dp/CB,PE,PE75,1
PEPED103Ma:5-Wn:2-Ch:2(dp/C,PE,PE75,1
PEPED103Ma:5-Wn:2-Ch:2(dp/CB,PE,PE75,1
PEPED103Ma:5-Wn:3(dp/B,PE,PE75,1
PEPED103Ma:5-Wn:3(dp/C,PE,PE75,1
PEPED103Ma:5-Wn:4(dp/B,PE,PE75,1
PEPED103Ma:5-Wn:4(dp/C,PE,PE75,1
PEPED103Ma:5-Wn:4(dp/CB,PE,PE75,1
PEPED103Ma:6-Al:3(dp/C,PE,PE75,1
PEPED103Ma:6-Ch:2(dp/C,PE,PE75,1
PEPED103Ma:6-Ol:3(dp/C,PE,PE75,1
PEPED103Ma:6-Wn:2(dp/B,PE,PE75,1
PEPED103Ma:7-Ch:1(dp/CD,PE,PE75,1
PEPED103Ma:7-Or:2(dp/C,PE,PE75,1
PEPED103Ma:7-Wn:2(dp/C,PE,PE75,1
PEPED103Ma:8-Al:1(dp/C,PE,PE75,1
PEPED103Ma:8-Ch:1(dp/C,PE,PE75,1
PEPED103Ma:8-Wn:1(dp/C,PE,PE75,1
PEPED103Mg(dp/B,PE,PE75,1
PEPED103Mg(dp/C,PE,PE75,1
PEPED103Mg:3-Du:3-Ol:2(dp/B,PE,PE75,1
PEPED103Mg:3-Ma:2-Sc:3(dp/BC,PE,PE75,1
PEPED103Mg:3-Sc:2-Du:2(dp/C,PE,PE75,1
PEPED103Mg:4-Du:3-Al:2(dp/C,PE,PE75,1
PEPED103Mg:5-Du:1-Ma:1(dp/B,PE,PE75,1
PEPED103Mg:5-Du:4(dp/B,PE,PE75,1
PEPED103Mg:5-Du:4(dp/BC,PE,PE75,1
PEPED103Mg:5-Du:4(dp/C,PE,PE75,1
PEPED103Mg:5-Du:4-Sc:1(dp/B,PE,PE75,1
PEPED103Mg:5-Ol:2-Sc:1(dp/BC,PE,PE75,1
PEPED103Mg:6-Bp:4(dp/B,PE,PE75,1
PEPED103Mg:6-Du:2(dp/C,PE,PE75,1
PEPED103Mg:6-Du:2-Eg:1(dp/B,PE,PE75,1
PEPED103Mg:6-Du:3(dp/B,PE,PE75,1
PEPED103Mg:6-Du:3(dp/C,PE,PE75,1
PEPED103Mg:6-Eg:3(dp/B,PE,PE75,1
PEPED103Mg:6-Ma:3(dp/C,PE,PE75,1
PEPED103Mg:6-Sc:3(dp/C,PE,PE75,1
PEPED103Mg:7-Ch:2(dp/BC,PE,PE75,1
PEPED103Mg:7-Du:1-Sc:1(dp/B,PE,PE75,1
PEPED103Mg:7-Du:2(dp/B,PE,PE75,1
PEPED103Mg:7-Du:2(dp/C,PE,PE75,1
PEPED103Mg:7-Du:2-Ol:1(dp/B,PE,PE75,1
PEPED103Mg:7-Eg:2(dp/B,PE,PE75,1
PEPED103Mg:7-Wi:1(dp/B,PE,PE75,1
PEPED103Mg:8-Bp:1(dp/B,PE,PE75,1
PEPED103Mg:8-Du:2(dp/B,PE,PE75,1
PEPED103Mg:8-Ki:1(dp/BD,PE,PE75,1
PEPED103Mg:8-Ma:2(dp/B,PE,PE75,1
PEPED103Mg:8-Wn:1(dp/B,PE,PE75,1
PEPED103Mp(dp/B,PE,PE75,1
PEPED103Mp:3-Ma:2-Sm:1(dp/B,PE,PE75,1
PEPED103Mp:3-Rp:3-Sp:2(dp/B,PE,PE75,1
PEPED103Mp:4-Bp:2-Sc:2(dp/B,PE,PE75,1
PEPED103Mp:4-Ch:3-Sp:1(dp/B,PE,PE75,1
PEPED103Mp:4-Rp:3-Du:1(dp/B,PE,PE75,1
PEPED103Mp:4-Sp:2-Db:2(dp/B,PE,PE75,1
PEPED103Mp:4-Sp:2-Ki:2(dp/BC,PE,PE75,1
PEPED103Mp:5-Bp:3-Ch:1(dp/B,PE,PE75,1
PEPED103Mp:5-Ki:1-Sc:1(dp/BC,PE,PE75,1
PEPED103Mp:5-Rp:3-Po:1(dp/B,PE,PE75,1
PEPED103Mp:5-Sp:2-Br:2(dp/B,PE,PE75,1
PEPED103Mp:5-Sp:2-Ha:2(dp/B,PE,PE75,1
PEPED103Mp:5-Sp:4(dp/B,PE,PE75,1
PEPED103Mp:5-Sp:4(dp/C,PE,PE75,1
PEPED103Mp:6-Bp:3(dp/B,PE,PE75,1
PEPED103Mp:6-Du:2-Wp:1(dp/B,PE,PE75,1
PEPED103Mp:6-Rp:3(dp/B,PE,PE75,1
PEPED103Mp:6-Sp:2-Ch:1(dp/B,PE,PE75,1
PEPED103Mp:7-Bp:2(dp/B,PE,PE75,1
PEPED103Mp:7-Ch:2(dp/BC,PE,PE75,1
PEPED103Mp:7-Rp:2(dp/B,PE,PE75,1
PEPED103Mp:7-Sp:2(dp/B,PE,PE75,1
PEPED103Mp:8-Ab:1(dp/B,PE,PE75,1
PEPED103Mp:8-Bp:2(dp/B,PE,PE75,1
PEPED103Mp:8-Ch:1(dp/B,PE,PE75,1
PEPED103Mp:8-Rp:1(dp/B,PE,PE75,1
PEPED103Mp:8-Sp:2(dp/B,PE,PE75,1
PEPED103Mr(dp/C,PE,PE75,1
PEPED103Mr(dp/DB,PE,PE75,1
PEPED103Mr:5-Lr:4(dp/CB,PE,PE75,1
PEPED103Mr:5-Sp:2-Ki:2(dp/BC,PE,PE75,1
PEPED103Ne/C,PE,PE75,1
PEPED103Ol(dp/B,PE,PE75,1
PEPED103Ol/B,PE,PE75,1
PEPED103Ol/C,PE,PE75,1
PEPED103Ol/CD,PE,PE75,1
PEPED103Ol/D,PE,PE75,1
PEPED103Ol:3-Du:3-Mg:2(dp/B,PE,PE75,1
PEPED103Ol:3-Du:3-Mg:2(dp/C,PE,PE75,1
PEPED103Ol:3-Eg:3-Ti:2/C,PE,PE75,1
PEPED103Ol:3-Wp:3-Sp:1(dp/BC,PE,PE75,1
PEPED103Ol:4-Ch:3-Du:1/CB,PE,PE75,1
PEPED103Ol:4-Ch:4/DE,PE,PE75,1
PEPED103Ol:4-Du:3-Mg:2(dp/B,PE,PE75,1
PEPED103Ol:4-Sm:3-Bp:1(dp/BC,PE,PE75,1
PEPED103Ol:4-Wp:3-Du:2/B,PE,PE75,1
PEPED103Ol:5-Du:2-Mg:2/B,PE,PE75,1
PEPED103Ol:5-Du:3-Mg:1/BC,PE,PE75,1
PEPED103Ol:5-Du:3-Mg:2(dp/CB,PE,PE75,1
PEPED103Ol:5-Du:3/B,PE,PE75,1
PEPED103Ol:5-Du:3/CB,PE,PE75,1
PEPED103Ol:5-Du:4/BC,PE,PE75,1
PEPED103Ol:5-Du:4/C,PE,PE75,1
PEPED103Ol:5-Du:4/CB,PE,PE75,1
PEPED103Ol:5-Du:5(dp/BC,PE,PE75,1
PEPED103Ol:5-Mg:2-Du:2/B,PE,PE75,1
PEPED103Ol:5-Ti:3/C,PE,PE75,1
PEPED103Ol:5-Ti:4/B,PE,PE75,1
PEPED103Ol:5-Ti:4/CD,PE,PE75,1
PEPED103Ol:6-Du:2/C,PE,PE75,1
PEPED103Ol:6-Du:3-Mp:1/C,PE,PE75,1
PEPED103Ol:6-Du:3-Sc:1/B,PE,PE75,1
PEPED103Ol:6-Du:3/BC,PE,PE75,1
PEPED103Ol:6-Go:3/C,PE,PE75,1
PEPED103Ol:6-Ti:1-Mg:1/CB,PE,PE75,1
PEPED103Ol:6-Ti:2-Ch:2/CD,PE,PE75,1
PEPED103Ol:6-Ti:3/BC,PE,PE75,1
PEPED103Ol:6-Ti:3/BD,PE,PE75,1
PEPED103Ol:7-Du:2/B,PE,PE75,1
PEPED103Ol:7-Du:2/CB,PE,PE75,1
PEPED103Ol:7-Mg:2/CB,PE,PE75,1
PEPED103Ol:7-Mg:3/B,PE,PE75,1
PEPED103Ol:7-Ti:2/D,PE,PE75,1
PEPED103Ol:8-Du:1/CB,PE,PE75,1
PEPED103Ol:8-Du:1/CD,PE,PE75,1
PEPED103Ol:8-Du:2/CB,PE,PE75,1
PEPED103Ol:8-Go:1/C,PE,PE75,1
PEPED103Ol:8-Ma:2/C,PE,PE75,1
PEPED103Ol:8-Ti:1/B,PE,PE75,1
PEPED103Ol:8-Ti:2/B,PE,PE75,1
PEPED103Ol:8-Ti:2/C,PE,PE75,1
PEPED103Or:3-Cr:3-Sm:1(dp/C,PE,PE75,1
PEPED103Or:3-Cr:3-Ui:2(dp/C,PE,PE75,1
PEPED103Or:3-Cu:2-Rp:2(dp/C,PE,PE75,1
PEPED103Or:3-Cu:2-Ui:1(dp/C,PE,PE75,1
PEPED103Or:3-Sc:2-Cu:2(dp/C,PE,PE75,1
PEPED103Or:4-Ch:2-Ma:1(dp/C,PE,PE75,1
PEPED103Or:4-Cu:2(dp/C,PE,PE75,1
PEPED103Or:4-Cu:3-Sc:1(dp/C,PE,PE75,1
PEPED103Or:4-Cu:4(dp/C,PE,PE75,1
PEPED103Or:4-Ui:2-Cu:1(dp/C,PE,PE75,1
PEPED103Or:4-Ui:2-Sc:1(dp/C,PE,PE75,1
PEPED103Or:4-Ui:2-Sc:1(dp/CB,PE,PE75,1
PEPED103Or:4-Ui:2-Sc:2(dp/BC,PE,PE75,1
PEPED103Or:4-Ui:3-Sc:2(dp/C,PE,PE75,1
PEPED103Or:4-Wi:2-Cu:1(dp/C,PE,PE75,1
PEPED103Or:5-Ab:2-Cu:1(dp/C,PE,PE75,1
PEPED103Or:5-Cu:2-Sc:1(dp/B,PE,PE75,1
PEPED103Or:5-Cu:2-Sc:1(dp/BC,PE,PE75,1
PEPED103Or:5-Cu:4(dp/C,PE,PE75,1
PEPED103Or:5-Sp:4(dp/B,PE,PE75,1
PEPED103Or:5-Ui:2-Cu:2(dp/C,PE,PE75,1
PEPED103Or:5-Ui:2-Sc:1(dp/BC,PE,PE75,1
PEPED103Or:6-Ma:2-Ui:1(dp/BC,PE,PE75,1
PEPED103Or:6-Ma:3(dp/C,PE,PE75,1
PEPED103Or:6-Sm:2(dp/BC,PE,PE75,1
PEPED103Or:7-Ab:2-Sc:1(dp/B,PE,PE75,1
PEPED103Or:7-Ve:1-Sc:1(dp/B,PE,PE75,1
PEPED103Pb,PE,PE75,1
PEPED103Pg,PE,PE75,1
PEPED103Pg(dp,PE,PE75,1
PEPED103Pi(dp/B,PE,PE75,1
PEPED103Po(dp/B,PE,PE75,1
PEPED103Po:4-Wn:4(dp/B,PE,PE75,1
PEPED103Po:5-Pi:5(dp/B,PE,PE75,1
PEPED103Po:6-Ar:4(dp/B,PE,PE75,1
PEPED103Po:6-Or:2(dp/B,PE,PE75,1
PEPED103Po:7-Ar:3(dp/B,PE,PE75,1
PEPED103Po:8-Ar:1(dp/B,PE,PE75,1
PEPED103Rp(dp/B,PE,PE75,1
PEPED103Rp(dp/C,PE,PE75,1
PEPED103Rp:3-Cu:3-Ui:1(dp/CB,PE,PE75,1
PEPED103Rp:3-Ui:2-Sc:2(dp/CB,PE,PE75,1
PEPED103Rp:4-Db:2-Ha:2(dp/B,PE,PE75,1
PEPED103Rp:4-Ha:2-Ki:2(dp/B,PE,PE75,1
PEPED103Rp:4-Sp:3-Ha:2(dp/BC,PE,PE75,1
PEPED103Rp:4-Sp:4(dp/B,PE,PE75,1
PEPED103Rp:4-Ui:3-Or:2(dp/CB,PE,PE75,1
PEPED103Rp:4-Wp:2-Mr:1(dp/B,PE,PE75,1
PEPED103Rp:5-Bp:4(dp/B,PE,PE75,1
PEPED103Rp:5-Mp:4(dp/B,PE,PE75,1
PEPED103Rp:5-Sm:3(dp/B,PE,PE75,1
PEPED103Rp:5-Ui:1-Sm:1(dp/BC,PE,PE75,1
PEPED103Rp:5-Ui:2(dp/BC,PE,PE75,1
PEPED103Rp:5-Ui:4(dp/BC,PE,PE75,1
PEPED103Rp:5-Wp:1(dp/B,PE,PE75,1
PEPED103Rp:6-Ab:3(dp/B,PE,PE75,1
PEPED103Rp:6-Ki:1-Cp:1(dp/BC,PE,PE75,1
PEPED103Rp:6-Ki:2-Mp:1(dp/B,PE,PE75,1
PEPED103Rp:6-Ki:3(dp/BC,PE,PE75,1
PEPED103Rp:6-Lr:1-Wp:1(dp/B,PE,PE75,1
PEPED103Rp:6-Mp:3(dp/B,PE,PE75,1
PEPED103Rp:6-Sp:2(dp/B,PE,PE75,1
PEPED103Rp:6-Ui:3(dp/C,PE,PE75,1
PEPED103Rp:6-Wp:3(dp/B,PE,PE75,1
PEPED103Rp:7-Cp:1-Ki:1(dp/B,PE,PE75,1
PEPED103Rp:7-Mg:1-Ki:1(dp/BD,PE,PE75,1
PEPED103Rp:7-Sc:2(dp/B,PE,PE75,1
PEPED103Rp:7-Ui:1-Wi:1(dp/BC,PE,PE75,1
PEPED103Rp:8-Cp:2(dp/B,PE,PE75,1
PEPED103Sc,PE,PE75,1
PEPED103Sc(dp,PE,PE75,1
PEPED103Sc:3-Sp:3-Mp:2(dp/B,PE,PE75,1
PEPED103Sc:4-Or:3-Ui:3(dp/B,PE,PE75,1
PEPED103Sc:4-Or:3-Wn:1(dp/BC,PE,PE75,1
PEPED103Sc:4-Wn:3-Ma:2(dp/C,PE,PE75,1
PEPED103Sc:6-Bp:3(dp/B,PE,PE75,1
PEPED103Sc:6-Mp:2-Ha:1(dp/B,PE,PE75,1
PEPED103Sc:6-Or:2(dp/B,PE,PE75,1
PEPED103Sc:7-Ve:2(dp/B,PE,PE75,1
PEPED103Sm(dp/B,PE,PE75,1
PEPED103Sm:4-Du:2-Ti:2(dp/C,PE,PE75,1
PEPED103Sm:4-Du:3-Mg:1(dp/BC,PE,PE75,1
PEPED103Sm:4-Em:4(dp/BE,PE,PE75,1
PEPED103Sm:4-Sc:3-Cb:1(dp/B,PE,PE75,1
PEPED103Sm:4-Wn:3-Ma:2(dp/B,PE,PE75,1
PEPED103Sm:4-Wn:3-Ma:3(dp/B,PE,PE75,1
PEPED103Sm:5-Sc:5(dp/B,PE,PE75,1
PEPED103Sm:6-Ab:4(dp/B,PE,PE75,1
PEPED103Sm:6-Cb:4(dp/B,PE,PE75,1
PEPED103Sm:6-Sp:3(dp/B,PE,PE75,1
PEPED103Sm:7-Cb:3(dp/B,PE,PE75,1
PEPED103Sm:7-Fr:2(dp/B,PE,PE75,1
PEPED103Sp(dp/B,PE,PE75,1
PEPED103Sp:3-Ha:2-Ki:2/B,PE,PE75,1
PEPED103Sp:3-Ha:2-Wp:2(dp/BC,PE,PE75,1
PEPED103Sp:3-Ha:3-Mp:2(dp/B,PE,PE75,1
PEPED103Sp:3-Hab:2-Ha:2/BC,PE,PE75,1
PEPED103Sp:3-Ma:3-Ch:2(dp/BC,PE,PE75,1
PEPED103Sp:3-Mp:3-Du:1(dp/BC,PE,PE75,1
PEPED103Sp:4-Ch:4(dp/B,PE,PE75,1
PEPED103Sp:4-Ha:3(dp/B,PE,PE75,1
PEPED103Sp:4-Ha:3-Wp:2(dp/B,PE,PE75,1
PEPED103Sp:4-Ha:3-Wp:2(dp/BC,PE,PE75,1
PEPED103Sp:4-Hab:3-Ha:2/B,PE,PE75,1
PEPED103Sp:4-Ki:2-Ha:2/BD,PE,PE75,1
PEPED103Sp:4-Mp:2-Ha:2(dp/B,PE,PE75,1
PEPED103Sp:5-Bp:2-Sc:1(dp/B,PE,PE75,1
PEPED103Sp:5-Ha:2(dp/BC,PE,PE75,1
PEPED103Sp:5-Ha:4(dp/B,PE,PE75,1
PEPED103Sp:5-Ki:2-Ha:1/C,PE,PE75,1
PEPED103Sp:5-Mp:4(dp/B,PE,PE75,1
PEPED103Sp:5-Mp:4(dp/CB,PE,PE75,1
PEPED103Sp:5-Wi:3(dp/B,PE,PE75,1
PEPED103Sp:6-Ch:2(dp/B,PE,PE75,1
PEPED103Sp:6-Ch:3(dp/B,PE,PE75,1
PEPED103Sp:6-Go:3(dp/B,PE,PE75,1
PEPED103Sp:6-Ha:4(dp/B,PE,PE75,1
PEPED103Sp:6-Mp:3(dp/B,PE,PE75,1
PEPED103Sp:6-Wp:4(dp/BC,PE,PE75,1
PEPED103Sp:7-Ha:2(dp/B,PE,PE75,1
PEPED103Sp:8-Ol:1(dp/B,PE,PE75,1
PEPED103Ti/B,PE,PE75,1
PEPED103Ti/BD,PE,PE75,1
PEPED103Ti/C,PE,PE75,1
PEPED103Ti/CD,PE,PE75,1
PEPED103Ti/D,PE,PE75,1
PEPED103Ti/ED,PE,PE75,1
PEPED103Ti/FD,PE,PE75,1
PEPED103Ti:4-Ch:3-Ma:2/C,PE,PE75,1
PEPED103Ti:4-Du:3-Sm:2(dp/C,PE,PE75,1
PEPED103Ti:4-Mg:2-Sm:2(dp/CB,PE,PE75,1
PEPED103Ti:5-Ch:4/BC,PE,PE75,1
PEPED103Ti:5-Ch:4/CD,PE,PE75,1
PEPED103Ti:5-Ch:5/BC,PE,PE75,1
PEPED103Ti:5-Du:2-Ol:2/B,PE,PE75,1
PEPED103Ti:5-Du:5(dp/B,PE,PE75,1
PEPED103Ti:5-Ma:4/C,PE,PE75,1
PEPED103Ti:5-Ol:4/B,PE,PE75,1
PEPED103Ti:5-Ol:4/C,PE,PE75,1
PEPED103Ti:5-Ol:4/CD,PE,PE75,1
PEPED103Ti:6-Ch:2-Ol:1/C,PE,PE75,1
PEPED103Ti:6-Ch:2/C,PE,PE75,1
PEPED103Ti:6-Ch:3/B,PE,PE75,1
PEPED103Ti:6-Ch:3/C,PE,PE75,1
PEPED103Ti:6-Ch:3/D,PE,PE75,1
PEPED103Ti:6-Du:2/CD,PE,PE75,1
PEPED103Ti:6-Mg:2/C,PE,PE75,1
PEPED103Ti:6-Ol:2-Fp:1/C,PE,PE75,1
PEPED103Ti:6-Ol:4/B,PE,PE75,1
PEPED103Ti:7-Ch:1/CD,PE,PE75,1
PEPED103Ti:7-Ch:3(dp/BC,PE,PE75,1
PEPED103Ti:7-Fp:2/C,PE,PE75,1
PEPED103Ti:8-Ch:1/BC,PE,PE75,1
PEPED103Ti:8-Ch:1/C,PE,PE75,1
PEPED103Ti:8-Ch:1/ED,PE,PE75,1
PEPED103Ti:8-Du:1/DC,PE,PE75,1
PEPED103Ti:8-Em:2/C,PE,PE75,1
PEPED103Ti:8-Fp:1/C,PE,PE75,1
PEPED103Ti:8-Fp:2/C,PE,PE75,1
PEPED103Ti:8-Ha:2/C,PE,PE75,1
PEPED103Ti:8-Ol:1/B,PE,PE75,1
PEPED103Ti:8-Ol:1/CD,PE,PE75,1
PEPED103Ui(dp/C,PE,PE75,1
PEPED103Ui:4-Or:3-Wi:1(dp/CB,PE,PE75,1
PEPED103Ui:4-Wi:3-Rp:2(dp/C,PE,PE75,1
PEPED103Ui:5-Or:3-Hz:1(dp/CB,PE,PE75,1
PEPED103Ui:5-Or:4-Sc:1(dp/C,PE,PE75,1
PEPED103Ui:5-Sc:2-Or:2(dp/BC,PE,PE75,1
PEPED103Ui:6-Or:3(dp/C,PE,PE75,1
PEPED103Ui:6-Rp:4(dp/C,PE,PE75,1
PEPED103Ui:7-Rp:3(dp/C,PE,PE75,1
PEPED103Ve(dp/B,PE,PE75,1
PEPED103Ve+Pi(dp,PE,PE75,1
PEPED103Wf:4-Eg:3(dp/B,PE,PE75,1
PEPED103Wf:6-Fp:3(dp/C,PE,PE75,1
PEPED103Wi(dp/B,PE,PE75,1
PEPED103Wi:5-Cu:3(dp/BD,PE,PE75,1
PEPED103Wi:5-Mp:4(dp/B,PE,PE75,1
PEPED103Wi:5-Rp:5(dp/B,PE,PE75,1
PEPED103Wi:7-Rp:1-Bp:1(dp/B,PE,PE75,1
PEPED103Wi:7-Sc:2(dp/B,PE,PE75,1
PEPED103Wi:7-Ui:2(dp/C,PE,PE75,1
PEPED103Wn(dp/B,PE,PE75,1
PEPED103Wn(dp/C,PE,PE75,1
PEPED103Wn(dp/CD,PE,PE75,1
PEPED103Wn:3-Ma:2-Sc:3(dp/BC,PE,PE75,1
PEPED103Wn:3-Ma:3-Po:2(dp/B,PE,PE75,1
PEPED103Wn:3-Sc:3-Cr:2(dp/B,PE,PE75,1
PEPED103Wn:3-Sc:3-Cr:3(dp/BC,PE,PE75,1
PEPED103Wn:3-Sc:3-Ve:2(dp/CB,PE,PE75,1
PEPED103Wn:4-Ch:3-Ma:2(dp/CB,PE,PE75,1
PEPED103Wn:4-Cr:3-Sc:1(dp/BC,PE,PE75,1
PEPED103Wn:4-Ma:3-Sc:1(dp/B,PE,PE75,1
PEPED103Wn:4-Ma:3-Sc:1(dp/C,PE,PE75,1
PEPED103Wn:4-Ma:4(dp/C,PE,PE75,1
PEPED103Wn:4-Ma:4-Sc:1(dp/CB,PE,PE75,1
PEPED103Wn:4-Sc:2-Ma:1(dp/CB,PE,PE75,1
PEPED103Wn:4-Sc:2-Or:2(dp/CB,PE,PE75,1
PEPED103Wn:4-Sm:3(dp/B,PE,PE75,1
PEPED103Wn:4-Ui:2-Sc:1(dp/BC,PE,PE75,1
PEPED103Wn:5-Cr:3-Pi:1(dp/C,PE,PE75,1
PEPED103Wn:5-Cr:3-Rp:2(dp/C,PE,PE75,1
PEPED103Wn:5-Ma:2(dp/B,PE,PE75,1
PEPED103Wn:5-Ma:3(dp/C,PE,PE75,1
PEPED103Wn:5-Ma:3-Sc:1(dp/C,PE,PE75,1
PEPED103Wn:5-Ma:3-Sc:1(dp/CB,PE,PE75,1
PEPED103Wn:5-Ma:4(dp/CB,PE,PE75,1
PEPED103Wn:5-Sc:3-Ma:1(dp/C,PE,PE75,1
PEPED103Wn:5-Sm:2(dp/B,PE,PE75,1
PEPED103Wn:6-Cr:3(dp/B,PE,PE75,1
PEPED103Wn:6-Cr:3(dp/BC,PE,PE75,1
PEPED103Wn:6-Ma:2(dp/B,PE,PE75,1
PEPED103Wn:6-Ma:2(dp/C,PE,PE75,1
PEPED103Wn:6-Ma:2(dp/CB,PE,PE75,1
PEPED103Wn:6-Ma:3(dp/B,PE,PE75,1
PEPED103Wn:6-Ma:3(dp/BC,PE,PE75,1
PEPED103Wn:6-Sc:3(dp/C,PE,PE75,1
PEPED103Wn:6-Ui:2(dp/BC,PE,PE75,1
PEPED103Wn:7-Cr:3(dp/B,PE,PE75,1
PEPED103Wn:7-Cr:3(dp/C,PE,PE75,1
PEPED103Wp(dp/B,PE,PE75,1
PEPED103Wp:3-Db:2-Ha:2/B,PE,PE75,1
PEPED103Wp:3-Lr:2-Bp:2(dp/B,PE,PE75,1
PEPED103Wp:4-Br:2-Hab:1(dp/CB,PE,PE75,1
PEPED103Wp:4-Ha:3-Sp:2(dp/B,PE,PE75,1
PEPED103Wp:5-Db:3(dp/B,PE,PE75,1
PEPED103Wp:5-Lr:3/B,PE,PE75,1
PEPED103Wp:5-Ol:3(dp/B,PE,PE75,1
PEPED103Wp:6-Bp:3(dp/B,PE,PE75,1
PEPED103Wp:6-Sp3(dp/B,PE,PE75,1
PEPED103Wp:6-Sp:3(dp/CB,PE,PE75,1
PEPED103Wp:8-Db:1-Ha:1(dp/BC,PE,PE75,1
PEPED103Wp:8-Db:2(dp/B,PE,PE75,1
PEPED103Wp:8-Sp:2(dp/B,PE,PE75,1
PEPED103ZZ,PE,PE75,1
